<?xml version="1.0" encoding="UTF-8"?><metadata>
    <idinfo>
        <citation>
            <citeinfo>
                <origin/>
                <pubdate>20140801</pubdate>
                <title>Maryland Sport Venues - Golf</title>
                <onlink>https://geodata.md.gov/imap/rest/services/Society/MD_SportVenues/FeatureServer/28</onlink>
            </citeinfo>
        </citation>
        <descript>
            <abstract>Maryland Sports (http://www.marylandsports.us/) has identified sport venues located within the State of Maryland. These venues offer opportunities to participate in free and fee-based, organized and pick-up, indoor and outdoor sports and physical fitness related activities in the area of Golf.This is a MD iMAP hosted service layer. Find more information at https://imap.maryland.gov.Feature Service Layer Link:https://geodata.md.gov/imap/rest/services/Society/MD_SportVenues/FeatureServer/28</abstract>
            <purpose>Maryland Sport Venues - Golf</purpose>
        </descript>
        <status>
            <update>As needed</update>
        </status>
        <keywords>
            <theme>
                <themekt>None</themekt>
                <themekey>MD</themekey>
                <themekey>Maryland Sports</themekey>
                <themekey>Maryland</themekey>
                <themekey>Sports</themekey>
                <themekey>Society</themekey>
                <themekey>SOCI</themekey>
                <themekey>Vector</themekey>
                <themekey>Dynamic</themekey>
                <themekey>WFS</themekey>
                <themekey>WMS</themekey>
                <themekey>MD iMAP</themekey>
                <themekey>KML</themekey>
            </theme>
        </keywords>
        <accconst>None</accconst>
        <useconst>The Spatial Data, and the information therein, (collectively the "Data") is provided "as is" without warranty of any kind, either expressed, implied, or statutory. The user assumes the entire risk as to quality and performance of the Data. No guarantee of accuracy is granted, nor is any responsibility for reliance thereon assumed. In no event shall the State of Maryland be liable for direct, indirect, incidental, consequential or special damages of any kind. The State of Maryland does not accept liability for any damages or misrepresentation caused by inaccuracies in the Data or as a result to changes to the Data, nor is there responsibility assumed to maintain the Data in any manner or form. The Data can be freely distributed as long as the metadata entry is not modified or deleted. Any data derived from the Data must acknowledge the State of Maryland in the metadata.</useconst>
        <datacred>MD iMAP, Maryland Sports</datacred>
    </idinfo>
    <metainfo>
        <metd>20171205</metd>
        <metc>
            <cntinfo>
                <!--no contact person or organization name available-->
            </cntinfo>
        </metc>
        <metstdn>FGDC Content Standard for Digital Geospatial Metadata</metstdn>
        <metstdv>FGDC-STD-001-1998</metstdv>
        <mettc>local time</mettc>
    </metainfo>
</metadata>
